,A,C,D,E,F,G,H,I,K,L,M,N,P,Q,R,S,T,V,W,Y
A,1.0,0.45532574067343445,0.31698317688891087,0.3760238270216294,0.1803338902489634,0.5128973570636083,0.11066441684009085,0.2910476647847135,0.2728197861048945,0.23697861275390109,0.17441558653980888,0.11735622450157945,0.43406725296043924,0.21371840538951292,0.23354307987990752,0.46849514918177027,0.5292647524994727,0.5767922485033442,0.0,0.12658376355396467
C,0.45532574067343445,1.0,0.5404770858453967,0.5827491383152394,0.5620319992580067,0.570030342982168,0.43807450499558614,0.44959134225256037,0.2758265104793018,0.42308276474866535,0.43764539572158434,0.5125881658216603,0.3802551978205373,0.3652061901747806,0.24596826674601885,0.41002067805850095,0.41904581036448985,0.42798347701983175,0.6295575205836592,0.471822449564975
D,0.31698317688891087,0.5404770858453967,1.0,0.7347822871765877,0.3270550316544678,0.44217872976652206,0.3515355152944868,0.29243007783055996,0.1877634900542572,0.34172656716516286,0.35891167714264516,0.5180578541596026,0.4729672377073306,0.4308999328836062,0.1820301810399656,0.40394137009707054,0.4800450498375511,0.3657959269122034,0.4322899912599984,0.33457331754327424
E,0.3760238270216294,0.5827491383152394,0.7347822871765877,1.0,0.3903153303451714,0.47537017546991583,0.31681379662771225,0.3565396628621157,0.17929258302079504,0.4747419500719901,0.4024523710900071,0.4905897806243764,0.4421229680541918,0.5524993187184084,0.16270651919013163,0.39911115913620154,0.457270630880274,0.4252256033197135,0.41262261228711644,0.3400211712017279
F,0.1803338902489634,0.5620319992580067,0.3270550316544678,0.3903153303451714,1.0,0.4015110980022514,0.3336757825025227,0.4785051503673621,0.19488541482588345,0.5291984424916707,0.48219288175583724,0.32037824436836776,0.07863118558326179,0.09604723398871695,0.14293881782185042,0.11775269152618684,0.1513803645088335,0.3266197187805684,0.5388832812752643,0.5655856879754679
G,0.5128973570636083,0.570030342982168,0.44217872976652206,0.47537017546991583,0.4015110980022514,1.0,0.3516329014867977,0.3413662666053905,0.36558069790192027,0.3484482081854182,0.37529435753911433,0.46427253919052874,0.41267455740504266,0.47606573564978794,0.30570602103783445,0.5860649565948143,0.5207175575502818,0.41656300696311277,0.3612603209304057,0.35631332242515334
H,0.11066441684009085,0.43807450499558614,0.3515355152944868,0.31681379662771225,0.3336757825025227,0.3516329014867977,1.0,0.10060726819192807,0.5554839168599184,0.2923987641913302,0.4081440573762678,0.5319908920226121,0.14578432285083012,0.3678485066198529,0.5800098650073655,0.43747211387135865,0.34379831220894663,0.1224378697617638,0.422731350488846,0.46644370125286994
I,0.2910476647847135,0.44959134225256037,0.29243007783055996,0.3565396628621157,0.4785051503673621,0.3413662666053905,0.10060726819192807,1.0,0.21790392412311427,0.6369741535410255,0.5438087392406943,0.20153137842596586,0.1969839972506247,0.18179845353324506,0.0340655714617894,0.19006572613673234,0.28453019112966527,0.6323138392228358,0.355988937672047,0.2681382830438369
K,0.2728197861048945,0.2758265104793018,0.1877634900542572,0.17929258302079504,0.19488541482588345,0.36558069790192027,0.5554839168599184,0.21790392412311427,1.0,0.32217963628477764,0.354893409256015,0.28005820096637196,0.1770605925738936,0.26843147668308914,0.7581369733871681,0.39030565306535253,0.2882448558922482,0.25053752051398537,0.18516298517804225,0.31794499375465046
L,0.23697861275390109,0.42308276474866535,0.34172656716516286,0.4747419500719901,0.5291984424916707,0.3484482081854182,0.2923987641913302,0.6369741535410255,0.32217963628477764,1.0,0.7029759317511495,0.40485487231491,0.20689054812468172,0.42060857057262735,0.13700203858413243,0.23310569774897805,0.3392481030919674,0.581551896974426,0.3893069659180415,0.34787107530274997
M,0.17441558653980888,0.43764539572158434,0.35891167714264516,0.4024523710900071,0.48219288175583724,0.37529435753911433,0.4081440573762678,0.5438087392406943,0.354893409256015,0.7029759317511495,1.0,0.47577502801766575,0.0953414266521023,0.4361089174267157,0.27376664620027386,0.3371694870281103,0.29108576101369465,0.39120237950764525,0.4886848165853187,0.4347087535813787
N,0.11735622450157945,0.5125881658216603,0.5180578541596026,0.4905897806243764,0.32037824436836776,0.46427253919052874,0.5319908920226121,0.20153137842596586,0.28005820096637196,0.40485487231491,0.47577502801766575,1.0,0.3271627940273389,0.5770676638953471,0.25468152769237284,0.5058302212113729,0.449959674831245,0.28500827587231803,0.5229046600690809,0.39284836152773617
P,0.43406725296043924,0.3802551978205373,0.4729672377073306,0.4421229680541918,0.07863118558326179,0.41267455740504266,0.14578432285083012,0.1969839972506247,0.1770605925738936,0.20689054812468172,0.0953414266521023,0.3271627940273389,1.0,0.467783320682837,0.17683410595084342,0.3302709461855111,0.42281480346359623,0.4023967588744128,0.19036205841351478,0.08837337690268707
Q,0.21371840538951292,0.3652061901747806,0.4308999328836062,0.5524993187184084,0.09604723398871695,0.47606573564978794,0.3678485066198529,0.18179845353324506,0.26843147668308914,0.42060857057262735,0.4361089174267157,0.5770676638953471,0.467783320682837,1.0,0.3481585600826804,0.5472375382837904,0.5381571821473916,0.3087390548475945,0.36555186875217605,0.23257890841287393
R,0.23354307987990752,0.24596826674601885,0.1820301810399656,0.16270651919013163,0.14293881782185042,0.30570602103783445,0.5800098650073655,0.0340655714617894,0.7581369733871681,0.13700203858413243,0.27376664620027386,0.25468152769237284,0.17683410595084342,0.3481585600826804,1.0,0.39607654035344886,0.2402620242445354,0.08489655958529532,0.17702098103652503,0.314210225686367
S,0.46849514918177027,0.41002067805850095,0.40394137009707054,0.39911115913620154,0.11775269152618684,0.5860649565948143,0.43747211387135865,0.19006572613673234,0.39030565306535253,0.23310569774897805,0.3371694870281103,0.5058302212113729,0.3302709461855111,0.5472375382837904,0.39607654035344886,1.0,0.7554998150182803,0.4011921993144464,0.26819654873207255,0.21647414194851025
T,0.5292647524994727,0.41904581036448985,0.4800450498375511,0.457270630880274,0.1513803645088335,0.5207175575502818,0.34379831220894663,0.28453019112966527,0.2882448558922482,0.3392481030919674,0.29108576101369465,0.449959674831245,0.42281480346359623,0.5381571821473916,0.2402620242445354,0.7554998150182803,1.0,0.619276507213028,0.33976030468962987,0.25508323024350243
V,0.5767922485033442,0.42798347701983175,0.3657959269122034,0.4252256033197135,0.3266197187805684,0.41656300696311277,0.1224378697617638,0.6323138392228358,0.25053752051398537,0.581551896974426,0.39120237950764525,0.28500827587231803,0.4023967588744128,0.3087390548475945,0.08489655958529532,0.4011921993144464,0.619276507213028,1.0,0.3130798132026059,0.2474561098357623
W,0.0,0.6295575205836592,0.4322899912599984,0.41262261228711644,0.5388832812752643,0.3612603209304057,0.422731350488846,0.355988937672047,0.18516298517804225,0.3893069659180415,0.4886848165853187,0.5229046600690809,0.19036205841351478,0.36555186875217605,0.17702098103652503,0.26819654873207255,0.33976030468962987,0.3130798132026059,1.0,0.6019693234545482
Y,0.12658376355396467,0.471822449564975,0.33457331754327424,0.3400211712017279,0.5655856879754679,0.35631332242515334,0.46644370125286994,0.2681382830438369,0.31794499375465046,0.34787107530274997,0.4347087535813787,0.39284836152773617,0.08837337690268707,0.23257890841287393,0.314210225686367,0.21647414194851025,0.25508323024350243,0.2474561098357623,0.6019693234545482,1.0
